0,0.0425,0,1
0,0.0425,0,1
0,0.0425,0,1
0,0.0425,1E-05,1
0,0.0425,1E-05,1
0,0.0425,1E-05,1
0,0.0425,1E-05,1
0,0.0425,1E-05,1
0,0.0425,1E-05,1
0,0.0425,1E-05,1
0,0.0425,1E-05,1
0,0.0425,2E-05,1
0,0.0425,2E-05,1
0,0.0425,2E-05,1
0,0.0425,2E-05,1
0,0.0425,3E-05,1
0,0.0425,3E-05,1
0,0.0425,3E-05,1
0,0.0425,3E-05,1
0,0.0425,4E-05,1
0,0.0425,4E-05,1
0,0.0425,5E-05,1
0,0.0425,5E-05,1
0,0.0425,5E-05,1
0,0.0425,6E-05,1
0,0.0425,6E-05,1
0,0.0425,7E-05,1
0,0.0425,7E-05,1
0,0.0425,8E-05,1
0,0.0425,8E-05,1
0,0.0425,9E-05,1
0,0.0425,0.0001,1
0,0.0425,0.0001,1
0,0.0425,0.00011,1
0,0.0425,0.00011,1
0,0.0425,0.00012,1
0,0.0425,0.00013,1
0,0.0425,0.00013,1
0,0.0425,0.00014,1
0,0.0425,0.00015,1
0,0.0425,0.00016,1
0,0.0425,0.00016,1
0,0.0425,0.00017,1
0,0.0425,0.00018,1
0,0.0425,0.00019,1
0,0.0425,0.0002,1
0,0.04249,0.0002,1
0,0.04249,0.00021,1
0,0.04249,0.00022,1
0,0.04249,0.00023,1
0,0.04249,0.00024,1
0,0.04249,0.00025,1
0,0.04249,0.00026,1
0,0.04249,0.00027,1
0,0.04249,0.00028,1
0,0.04249,0.00029,1
0,0.04249,0.0003,1
0,0.04249,0.00031,1
0,0.04249,0.00032,1
0,0.04249,0.00033,1
0,0.04249,0.00035,1
0,0.04249,0.00036,1
0,0.04249,0.00037,1
0,0.04249,0.00038,1
0,0.04249,0.00039,1
0,0.04249,0.0004,1
0,0.04249,0.00042,1
0,0.04249,0.00043,1
0,0.04249,0.00044,1
0,0.04249,0.00045,1
0,0.04248,0.00047,1
0,0.04248,0.00048,1
0,0.04248,0.00049,1
0,0.04248,0.00051,1
0,0.04248,0.00052,1
0,0.04248,0.00054,1
0,0.04248,0.00055,1
0,0.04248,0.00056,1
0,0.04248,0.00058,1
0,0.04248,0.00059,1
0,0.04248,0.00061,1
0,0.04248,0.00062,1
0,0.04248,0.00064,1
0,0.04248,0.00065,1
0,0.04247,0.00067,1
0,0.04247,0.00069,1
0,0.04247,0.0007,1
0,0.04247,0.00072,1
0,0.04247,0.00073,1
0,0.04247,0.00075,1
0,0.04247,0.00077,1
0,0.04247,0.00078,1
0,0.04247,0.0008,1
0,0.04247,0.00082,1
0,0.04246,0.00084,1
0,0.04246,0.00085,1
0,0.04246,0.00087,1
0,0.04246,0.00089,1
0,0.04246,0.00091,1
0,0.04246,0.00093,1
0,0.04246,0.00095,1
0,0.04246,0.00096,1
0,0.04245,0.00098,1
0,0.04245,0.001,1
0,0.04245,0.00102,1
0,0.04245,0.00104,1
0,0.04245,0.00106,1
0,0.04245,0.00108,1
0,0.04244,0.0011,1
0,0.04244,0.00112,1
0,0.04244,0.00114,1
0,0.04244,0.00116,1
0,0.04244,0.00118,1
0,0.04244,0.0012,1
0,0.04243,0.00122,1
0,0.04243,0.00125,1
0,0.04243,0.00127,1
0,0.04243,0.00129,1
0,0.04243,0.00131,1
0,0.04242,0.00133,1
0,0.04242,0.00136,1
0,0.04242,0.00138,1
0,0.04242,0.0014,1
0,0.04242,0.00142,1
0,0.04241,0.00145,1
0,0.04241,0.00147,1
0,0.04241,0.00149,1
0,0.04241,0.00152,1
0,0.0424,0.00154,1
0,0.0424,0.00156,1
0,0.0424,0.00159,1
0,0.0424,0.00161,1
0,0.04239,0.00164,1
0,0.04239,0.00166,1
0,0.04239,0.00168,1
0,0.04238,0.00171,1
0,0.04238,0.00173,1
0,0.04238,0.00176,1
0,0.04238,0.00179,1
0,0.04237,0.00181,1
0,0.04237,0.00184,1
0,0.04237,0.00186,1
0,0.04236,0.00189,1
0,0.04236,0.00191,1
0,0.04236,0.00194,1
0,0.04235,0.00197,1
0,0.04235,0.00199,1
0,0.04235,0.00202,1
0,0.04234,0.00205,1
0,0.04234,0.00208,1
0,0.04233,0.0021,1
0,0.04233,0.00213,1
0,0.04233,0.00216,1
0,0.04232,0.00219,1
0,0.04232,0.00222,1
0,0.04231,0.00224,1
0,0.04231,0.00227,1
0,0.04231,0.0023,1
0,0.0423,0.00233,1
0,0.0423,0.00236,1
0,0.04229,0.00239,1
0,0.04229,0.00242,1
0,0.04228,0.00245,1
0,0.04228,0.00248,1
0,0.04227,0.00251,1
0,0.04227,0.00254,1
0,0.04226,0.00257,1
0,0.04226,0.0026,1
0,0.04225,0.00263,1
0,0.04225,0.00266,1
0,0.04224,0.00269,1
0,0.04224,0.00272,1
0,0.04223,0.00275,1
0,0.04223,0.00278,1
0,0.04222,0.00282,1
0,0.04222,0.00285,1
0,0.04221,0.00288,1
0,0.0422,0.00291,1
0,0.0422,0.00294,1
0,0.04219,0.00298,1
0,0.04219,0.00301,1
0,0.04218,0.00304,1
0,0.04217,0.00307,1
0,0.04217,0.00311,1
0,0.04216,0.00314,1
0,0.04215,0.00317,1
0,0.04215,0.00321,1
0,0.04214,0.00324,1
0,0.04213,0.00328,1
0,0.04213,0.00331,1
0,0.04212,0.00334,1
0,0.04211,0.00338,1
0,0.0421,0.00341,1
0,0.0421,0.00345,1
0,0.04209,0.00348,1
0,0.04208,0.00352,1
0,0.04207,0.00355,1
0,0.04207,0.00359,1
0,0.04206,0.00362,1
0,0.04205,0.00366,1
0,0.04204,0.00369,1
0,0.04203,0.00373,1
0,0.04202,0.00377,1
0,0.04202,0.0038,1
0,0.04201,0.00384,1
0,0.042,0.00388,1
0,0.04199,0.00391,1
0,0.04198,0.00395,1
0,0.04197,0.00399,1
0,0.04196,0.00402,1
0,0.04195,0.00406,1
0,0.04194,0.0041,1
0,0.04193,0.00414,1
0,0.04192,0.00418,1
0,0.04191,0.00421,1
0,0.0419,0.00425,1
0,0.04189,0.00429,1
0,0.04188,0.00433,1
0,0.04187,0.00437,1
0,0.04186,0.00441,1
0,0.04185,0.00445,1
0,0.04184,0.00448,1
0,0.04183,0.00452,1
0,0.04182,0.00456,1
0,0.04181,0.0046,1
0,0.04179,0.00464,1
0,0.04178,0.00468,1
0,0.04177,0.00472,1
0,0.04176,0.00476,1
0,0.04175,0.0048,1
0,0.04174,0.00484,1
0,0.04172,0.00488,1
0,0.04171,0.00493,1
0,0.0417,0.00497,1
0,0.04169,0.00501,1
0,0.04167,0.00505,1
0,0.04166,0.00509,1
0,0.04165,0.00513,1
0,0.04163,0.00517,1
0,0.04162,0.00521,1
0,0.04161,0.00526,1
0,0.04159,0.0053,1
0,0.04158,0.00534,1
0,0.04156,0.00538,1
0,0.04155,0.00543,1
0,0.04153,0.00547,1
0,0.04152,0.00551,1
0,0.04151,0.00555,1
0,0.04149,0.0056,1
0,0.04148,0.00564,1
0,0.04146,0.00568,1
0,0.04144,0.00573,1
0,0.04143,0.00577,1
0,0.04141,0.00582,1
0,0.0414,0.00586,1
0,0.04138,0.0059,1
0,0.04136,0.00595,1
0,0.04135,0.00599,1
0,0.04133,0.00604,1
0,0.04131,0.00608,1
0,0.0413,0.00613,1
0,0.04128,0.00617,1
0,0.04126,0.00622,1
0,0.04125,0.00626,1
0,0.04123,0.00631,1
0,0.04121,0.00635,1
0,0.04119,0.0064,1
0,0.04117,0.00644,1
0,0.04115,0.00649,1
0,0.04114,0.00653,1
0,0.04112,0.00658,1
0,0.0411,0.00663,1
0,0.04108,0.00667,1
0,0.04106,0.00672,1
0,0.04104,0.00676,1
0,0.04102,0.00681,1
0,0.041,0.00686,1
0,0.04098,0.00691,1
0,0.04096,0.00695,1
0,0.04094,0.007,1
0,0.04092,0.00705,1
0,0.0409,0.00709,1
0,0.04087,0.00714,1
0,0.04085,0.00719,1
0,0.04083,0.00724,1
0,0.04081,0.00728,1
0,0.04079,0.00733,1
0,0.04076,0.00738,1
0,0.04074,0.00743,1
0,0.04072,0.00748,1
0,0.0407,0.00752,1
0,0.04067,0.00757,1
0,0.04065,0.00762,1
0,0.04063,0.00767,1
0,0.0406,0.00772,1
0,0.04058,0.00777,1
0,0.04055,0.00782,1
0,0.04053,0.00787,1
0,0.0405,0.00792,1
0,0.04048,0.00796,1
0,0.04045,0.00801,1
0,0.04043,0.00806,1
0,0.0404,0.00811,1
0,0.04038,0.00816,1
0,0.04035,0.00821,1
0,0.04032,0.00826,1
0,0.0403,0.00831,1
0,0.04027,0.00836,1
0,0.04024,0.00841,1
0,0.04022,0.00846,1
0,0.04019,0.00851,1
0,0.04016,0.00856,1
0,0.04013,0.00861,1
0,0.0401,0.00867,1
0,0.04008,0.00872,1
0,0.04005,0.00877,1
0,0.04002,0.00882,1
0,0.03999,0.00887,1
0,0.03996,0.00892,1
0,0.03993,0.00897,1
0,0.0399,0.00902,1
0,0.03987,0.00907,1
0,0.03984,0.00913,1
0,0.03981,0.00918,1
0,0.03978,0.00923,1
0,0.03974,0.00928,1
0,0.03971,0.00933,1
0,0.03968,0.00938,1
0,0.03965,0.00944,1
0,0.03962,0.00949,1
0,0.03958,0.00954,1
0,0.03955,0.00959,1
0,0.03952,0.00964,1
0,0.03948,0.0097,1
0,0.03945,0.00975,1
0,0.03942,0.0098,1
0,0.03938,0.00985,1
0,0.03935,0.00991,1
0,0.03931,0.00996,1
0,0.03928,0.01001,1
0,0.03924,0.01006,1
0,0.03921,0.01012,1
0,0.03917,0.01017,1
0,0.03913,0.01022,1
0,0.0391,0.01028,1
0,0.03906,0.01033,1
0,0.03902,0.01038,1
0,0.03898,0.01043,1
0,0.03895,0.01049,1
0,0.03891,0.01054,1
0,0.03887,0.01059,1
0,0.03883,0.01065,1
0,0.03879,0.0107,1
0,0.03875,0.01075,1
0,0.03871,0.01081,1
0,0.03867,0.01086,1
0,0.03863,0.01091,1
0,0.03859,0.01097,1
0,0.03855,0.01102,1
0,0.03851,0.01108,1
0,0.03847,0.01113,1
0,0.03843,0.01118,1
0,0.03839,0.01124,1
0,0.03834,0.01129,1
0,0.0383,0.01134,1
0,0.03826,0.0114,1
0,0.03822,0.01145,1
0,0.03817,0.01151,1
0,0.03813,0.01156,1
0,0.03808,0.01161,1
0,0.03804,0.01167,1
0,0.038,0.01172,1
0,0.03795,0.01178,1
0,0.0379,0.01183,1
0,0.03786,0.01188,1
0,0.03781,0.01194,1
0,0.03777,0.01199,1
0,0.03772,0.01205,1
0,0.03767,0.0121,1
0,0.03763,0.01216,1
0,0.03758,0.01221,1
0,0.03753,0.01226,1
0,0.03748,0.01232,1
0,0.03743,0.01237,1
0,0.03738,0.01243,1
0,0.03733,0.01248,1
0,0.03728,0.01253,1
0,0.03723,0.01259,1
0,0.03718,0.01264,1
0,0.03713,0.0127,1
0,0.03708,0.01275,1
0,0.03703,0.01281,1
0,0.03698,0.01286,1
0,0.03693,0.01291,1
0,0.03688,0.01297,1
0,0.03682,0.01302,1
0,0.03677,0.01308,1
0,0.03672,0.01313,1
0,0.03666,0.01319,1
0,0.03661,0.01324,1
0,0.03655,0.01329,1
0,0.0365,0.01335,1
0,0.03644,0.0134,1
0,0.03639,0.01346,1
0,0.03633,0.01351,1
0,0.03628,0.01356,1
0,0.03622,0.01362,1
0,0.03616,0.01367,1
0,0.0361,0.01372,1
0,0.03605,0.01378,1
0,0.03599,0.01383,1
0,0.03593,0.01389,1
0,0.03587,0.01394,1
0,0.03581,0.01399,1
0,0.03575,0.01405,1
0,0.03569,0.0141,1
0,0.03563,0.01415,1
0,0.03557,0.01421,1
0,0.03551,0.01426,1
0,0.03545,0.01431,1
0,0.03539,0.01437,1
0,0.03533,0.01442,1
0,0.03526,0.01447,1
0,0.0352,0.01453,1
0,0.03514,0.01458,1
0,0.03507,0.01463,1
0,0.03501,0.01469,1
0,0.03495,0.01474,1
0,0.03488,0.01479,1
0,0.03482,0.01485,1
0,0.03475,0.0149,1
0,0.03468,0.01495,1
0,0.03462,0.015,1
0,0.03455,0.01506,1
0,0.03448,0.01511,1
0,0.03442,0.01516,1
0,0.03435,0.01521,1
0,0.03428,0.01526,1
0,0.03421,0.01532,1
0,0.03414,0.01537,1
0,0.03407,0.01542,1
0,0.034,0.01547,1
0,0.03393,0.01552,1
0,0.03386,0.01558,1
0,0.03379,0.01563,1
0,0.03372,0.01568,1
0,0.03365,0.01573,1
0,0.03358,0.01578,1
0,0.0335,0.01583,1
0,0.03343,0.01588,1
0,0.03336,0.01593,1
0,0.03328,0.01598,1
0,0.03321,0.01604,1
0,0.03314,0.01609,1
0,0.03306,0.01614,1
0,0.03299,0.01619,1
0,0.03291,0.01624,1
0,0.03283,0.01629,1
0,0.03276,0.01634,1
0,0.03268,0.01639,1
0,0.0326,0.01644,1
0,0.03253,0.01649,1
0,0.03245,0.01653,1
0,0.03237,0.01658,1
0,0.03229,0.01663,1
0,0.03221,0.01668,1
0,0.03213,0.01673,1
0,0.03205,0.01678,1
0,0.03197,0.01683,1
0,0.03189,0.01688,1
0,0.03181,0.01692,1
0,0.03173,0.01697,1
0,0.03164,0.01702,1
0,0.03156,0.01707,1
0,0.03148,0.01712,1
0,0.03139,0.01716,1
0,0.03131,0.01721,1
0,0.03123,0.01726,1
0,0.03114,0.0173,1
0,0.03106,0.01735,1
0,0.03097,0.0174,1
0,0.03088,0.01744,1
0,0.0308,0.01749,1
0,0.03071,0.01754,1
0,0.03062,0.01758,1
0,0.03054,0.01763,1
0,0.03045,0.01767,1
0,0.03036,0.01772,1
0,0.03027,0.01776,1
0,0.03018,0.01781,1
0,0.03009,0.01785,1
0,0.03,0.0179,1
0,0.02991,0.01794,1
0,0.02982,0.01799,1
0,0.02973,0.01803,1
0,0.02964,0.01808,1
0,0.02954,0.01812,1
0,0.02945,0.01816,1
0,0.02936,0.01821,1
0,0.02926,0.01825,1
0,0.02917,0.01829,1
0,0.02908,0.01833,1
0,0.02898,0.01838,1
0,0.02889,0.01842,1
0,0.02879,0.01846,1
0,0.02869,0.0185,1
0,0.0286,0.01854,1
0,0.0285,0.01858,1
0,0.0284,0.01862,1
0,0.02831,0.01867,1
0,0.02821,0.01871,1
0,0.02811,0.01875,1
0,0.02801,0.01879,1
0,0.02791,0.01883,1
0,0.02781,0.01886,1
0,0.02771,0.0189,1
0,0.02761,0.01894,1
0,0.02751,0.01898,1
0,0.02741,0.01902,1
0,0.0273,0.01906,1
0,0.0272,0.0191,1
0,0.0271,0.01913,1
0,0.02699,0.01917,1
0,0.02689,0.01921,1
0,0.02679,0.01925,1
0,0.02668,0.01928,1
0,0.02658,0.01932,1
0,0.02647,0.01935,1
0,0.02637,0.01939,1
0,0.02626,0.01943,1
0,0.02615,0.01946,1
0,0.02604,0.0195,1
0,0.02594,0.01953,1
0,0.02583,0.01956,1
0,0.02572,0.0196,1
0,0.02561,0.01963,1
0,0.0255,0.01967,1
0,0.02539,0.0197,1
0,0.02528,0.01973,1
0,0.02517,0.01976,1
0,0.02506,0.0198,1
0,0.02495,0.01983,1
0,0.02484,0.01986,1
0,0.02472,0.01989,1
0,0.02461,0.01992,1
0,0.0245,0.01995,1
0,0.02439,0.01998,1
0,0.02427,0.02001,1
0,0.02416,0.02004,1
0,0.02404,0.02007,1
0,0.02393,0.0201,1
0,0.02381,0.02013,1
0,0.02369,0.02016,1
0,0.02358,0.02019,1
0,0.02346,0.02021,1
0,0.02334,0.02024,1
0,0.02323,0.02027,1
0,0.02311,0.02029,1
0,0.02299,0.02032,1
0,0.02287,0.02035,1
0,0.02275,0.02037,1
0,0.02263,0.0204,1
0,0.02251,0.02042,1
0,0.02239,0.02045,1
0,0.02227,0.02047,1
0,0.02215,0.02049,1
0,0.02202,0.02052,1
0,0.0219,0.02054,1
0,0.02178,0.02056,1
0,0.02166,0.02058,1
0,0.02153,0.02061,1
0,0.02141,0.02063,1
0,0.02128,0.02065,1
0,0.02116,0.02067,1
0,0.02103,0.02069,1
0,0.02091,0.02071,1
0,0.02078,0.02073,1
0,0.02065,0.02075,1
0,0.02053,0.02077,1
0,0.0204,0.02079,1
0,0.02027,0.0208,1
0,0.02014,0.02082,1
0,0.02001,0.02084,1
0,0.01989,0.02086,1
0,0.01976,0.02087,1
0,0.01963,0.02089,1
0,0.0195,0.0209,1
0,0.01937,0.02092,1
0,0.01923,0.02093,1
0,0.0191,0.02095,1
0,0.01897,0.02096,1
0,0.01884,0.02097,1
0,0.01871,0.02099,1
0,0.01857,0.021,1
0,0.01844,0.02101,1
0,0.01831,0.02102,1
0,0.01817,0.02103,1
0,0.01804,0.02105,1
0,0.0179,0.02106,1
0,0.01777,0.02107,1
0,0.01763,0.02108,1
0,0.0175,0.02108,1
0,0.01736,0.02109,1
0,0.01722,0.0211,1
0,0.01709,0.02111,1
0,0.01695,0.02112,1
0,0.01681,0.02112,1
0,0.01667,0.02113,1
0,0.01653,0.02113,1
0,0.01639,0.02114,1
0,0.01625,0.02114,1
0,0.01611,0.02115,1
0,0.01597,0.02115,1
0,0.01583,0.02116,1
0,0.01569,0.02116,1
0,0.01555,0.02116,1
0,0.01541,0.02116,1
0,0.01527,0.02117,1
0,0.01513,0.02117,1
0,0.01498,0.02117,1
0,0.01484,0.02117,1
0,0.0147,0.02117,1
0,0.01455,0.02117,1
0,0.01441,0.02117,1
0,0.01426,0.02116,1
0,0.01412,0.02116,1
0,0.01397,0.02116,1
0,0.01383,0.02115,1
0,0.01368,0.02115,1
0,0.01353,0.02115,1
0,0.01339,0.02114,1
0,0.01324,0.02114,1
0,0.01309,0.02113,1
0,0.01295,0.02112,1
0,0.0128,0.02112,1
0,0.01265,0.02111,1
0,0.0125,0.0211,1
0,0.01235,0.02109,1
0,0.0122,0.02108,1
0,0.01205,0.02108,1
0,0.0119,0.02107,1
0,0.01175,0.02105,1
0,0.0116,0.02104,1
0,0.01145,0.02103,1
0,0.0113,0.02102,1
0,0.01115,0.02101,1
0,0.011,0.02099,1
0,0.01084,0.02098,1
0,0.01069,0.02097,1
0,0.01054,0.02095,1
0,0.01039,0.02094,1
0,0.01023,0.02092,1
0,0.01008,0.0209,1
0,0.00992,0.02089,1
0,0.00977,0.02087,1
0,0.00962,0.02085,1
0,0.00946,0.02083,1
0,0.00931,0.02081,1
0,0.00915,0.02079,1
0,0.00899,0.02077,1
0,0.00884,0.02075,1
0,0.00868,0.02073,1
0,0.00852,0.02071,1
0,0.00837,0.02069,1
0,0.00821,0.02066,1
0,0.00805,0.02064,1
0,0.0079,0.02062,1
0,0.00774,0.02059,1
0,0.00758,0.02057,1
0,0.00742,0.02054,1
0,0.00726,0.02051,1
0,0.0071,0.02049,1
0,0.00694,0.02046,1
0,0.00678,0.02043,1
0,0.00662,0.0204,1
0,0.00646,0.02037,1
0,0.0063,0.02034,1
0,0.00614,0.02031,1
0,0.00598,0.02028,1
0,0.00582,0.02025,1
0,0.00566,0.02022,1
0,0.0055,0.02018,1
0,0.00534,0.02015,1
0,0.00517,0.02012,1
0,0.00501,0.02008,1
0,0.00485,0.02005,1
0,0.00469,0.02001,1
0,0.00452,0.01998,1
0,0.00436,0.01994,1
0,0.0042,0.0199,1
0,0.00403,0.01986,1
0,0.00387,0.01982,1
0,0.00371,0.01979,1
0,0.00354,0.01975,1
0,0.00338,0.0197,1
0,0.00321,0.01966,1
0,0.00305,0.01962,1
0,0.00288,0.01958,1
0,0.00272,0.01954,1
0,0.00255,0.01949,1
0,0.00239,0.01945,1
0,0.00222,0.01941,1
0,0.00205,0.01936,1
0,0.00189,0.01931,1
0,0.00172,0.01927,1
0,0.00156,0.01922,1
0,0.00139,0.01917,1
0,0.00122,0.01912,1
0,0.00106,0.01908,1
0,0.00089,0.01903,1
0,0.00072,0.01898,1
0,0.00055,0.01893,1
0,0.00039,0.01887,1
0,0.00022,0.01882,1
0,5.00E-05,0.01877,1
0,-0.00012,0.01872,1
0,-0.00029,0.01866,1
0,-0.00045,0.01861,1
0,-0.00062,0.01855,1
0,-0.00079,0.0185,1
0,-0.00096,0.01844,1
0,-0.00113,0.01839,1
0,-0.0013,0.01833,1
0,-0.00147,0.01827,1
0,-0.00164,0.01821,1
0,-0.00181,0.01815,1
0,-0.00197,0.01809,1
0,-0.00214,0.01803,1
0,-0.00231,0.01797,1
0,-0.00248,0.01791,1
0,-0.00265,0.01785,1
0,-0.00282,0.01779,1
0,-0.00299,0.01772,1
0,-0.00316,0.01766,1
0,-0.00333,0.01759,1
0,-0.0035,0.01753,1
0,-0.00367,0.01746,1
0,-0.00384,0.0174,1
0,-0.00401,0.01733,1
0,-0.00419,0.01726,1
0,-0.00436,0.01719,1
0,-0.00453,0.01713,1
0,-0.0047,0.01706,1
0,-0.00487,0.01699,1
0,-0.00504,0.01692,1
0,-0.00521,0.01684,1
0,-0.00538,0.01677,1
0,-0.00555,0.0167,1
0,-0.00572,0.01663,1
0,-0.00589,0.01655,1
0,-0.00606,0.01648,1
0,-0.00624,0.0164,1
0,-0.00641,0.01633,1
0,-0.00658,0.01625,1
0,-0.00675,0.01618,1
0,-0.00692,0.0161,1
0,-0.00709,0.01602,1
0,-0.00726,0.01594,1
0,-0.00743,0.01586,1
0,-0.0076,0.01578,1
0,-0.00778,0.0157,1
0,-0.00795,0.01562,1
0,-0.00812,0.01554,1
0,-0.00829,0.01546,1
0,-0.00846,0.01538,1
0,-0.00863,0.01529,1
0,-0.0088,0.01521,1
0,-0.00897,0.01513,1
0,-0.00914,0.01504,1
0,-0.00932,0.01496,1
0,-0.00949,0.01487,1
0,-0.00966,0.01478,1
0,-0.00983,0.0147,1
0,-0.01,0.01461,1
0,-0.01017,0.01452,1
0,-0.01034,0.01443,1
0,-0.01051,0.01434,1
0,-0.01068,0.01425,1
0,-0.01085,0.01416,1
0,-0.01102,0.01407,1
0,-0.01119,0.01398,1
0,-0.01136,0.01389,1
0,-0.01153,0.0138,1
0,-0.0117,0.0137,1
0,-0.01187,0.01361,1
0,-0.01204,0.01351,1
0,-0.01221,0.01342,1
0,-0.01238,0.01332,1
0,-0.01255,0.01323,1
0,-0.01272,0.01313,1
0,-0.01289,0.01303,1
0,-0.01306,0.01294,1
0,-0.01323,0.01284,1
0,-0.0134,0.01274,1
0,-0.01357,0.01264,1
0,-0.01373,0.01254,1
0,-0.0139,0.01244,1
0,-0.01407,0.01234,1
0,-0.01424,0.01224,1
0,-0.01441,0.01214,1
0,-0.01458,0.01203,1
0,-0.01474,0.01193,1
0,-0.01491,0.01183,1
0,-0.01508,0.01172,1
0,-0.01525,0.01162,1
0,-0.01541,0.01151,1
0,-0.01558,0.01141,1
0,-0.01575,0.0113,1
0,-0.01591,0.01119,1
0,-0.01608,0.01109,1
0,-0.01625,0.01098,1
0,-0.01641,0.01087,1
0,-0.01658,0.01076,1
0,-0.01674,0.01065,1
0,-0.01691,0.01055,1
0,-0.01707,0.01044,1
0,-0.01724,0.01032,1
0,-0.0174,0.01021,1
0,-0.01757,0.0101,1
0,-0.01773,0.00999,1
0,-0.0179,0.00988,1
0,-0.01806,0.00977,1
0,-0.01822,0.00965,1
0,-0.01839,0.00954,1
0,-0.01855,0.00942,1
0,-0.01871,0.00931,1
0,-0.01888,0.0092,1
0,-0.01904,0.00908,1
0,-0.0192,0.00896,1
0,-0.01936,0.00885,1
0,-0.01953,0.00873,1
0,-0.01969,0.00861,1
0,-0.01985,0.0085,1
0,-0.02001,0.00838,1
0,-0.02017,0.00826,1
0,-0.02033,0.00814,1
0,-0.02049,0.00802,1
0,-0.02065,0.0079,1
0,-0.02081,0.00778,1
0,-0.02097,0.00766,1
0,-0.02113,0.00754,1
0,-0.02129,0.00742,1
0,-0.02144,0.0073,1
0,-0.0216,0.00718,1
0,-0.02176,0.00705,1
0,-0.02192,0.00693,1
0,-0.02207,0.00681,1
0,-0.02223,0.00668,1
0,-0.02239,0.00656,1
0,-0.02254,0.00643,1
0,-0.0227,0.00631,1
0,-0.02285,0.00619,1
0,-0.02301,0.00606,1
0,-0.02316,0.00593,1
0,-0.02332,0.00581,1
0,-0.02347,0.00568,1
0,-0.02362,0.00556,1
0,-0.02378,0.00543,1
0,-0.02393,0.0053,1
0,-0.02408,0.00517,1
0,-0.02424,0.00505,1
0,-0.02439,0.00492,1
0,-0.02454,0.00479,1
0,-0.02469,0.00466,1
0,-0.02484,0.00453,1
0,-0.02499,0.0044,1
0,-0.02514,0.00427,1
0,-0.02529,0.00414,1
0,-0.02544,0.00401,1
0,-0.02559,0.00388,1
0,-0.02573,0.00375,1
0,-0.02588,0.00362,1
0,-0.02603,0.00349,1
0,-0.02618,0.00336,1
0,-0.02632,0.00322,1
0,-0.02647,0.00309,1
0,-0.02662,0.00296,1
0,-0.02676,0.00283,1
0,-0.02691,0.00269,1
0,-0.02705,0.00256,1
0,-0.02719,0.00243,1
0,-0.02734,0.00229,1
0,-0.02748,0.00216,1
0,-0.02762,0.00203,1
0,-0.02776,0.00189,1
0,-0.02791,0.00176,1
0,-0.02805,0.00162,1
0,-0.02819,0.00149,1
0,-0.02833,0.00136,1
0,-0.02847,0.00122,1
0,-0.02861,0.00109,1
0,-0.02875,0.00095,1
0,-0.02888,0.00081,1
0,-0.02902,0.00068,1
0,-0.02916,0.00054,1
0,-0.0293,0.00041,1
0,-0.02943,0.00027,1
0,-0.02957,0.00014,1
0,-0.02971,0,1
0,-0.02984,-0.00014,1
0,-0.02997,-0.00027,1
0,-0.03011,-0.00041,1
0,-0.03024,-0.00055,1
0,-0.03037,-0.00068,1
0,-0.03051,-0.00082,1
0,-0.03064,-0.00096,1
0,-0.03077,-0.00109,1
0,-0.0309,-0.00123,1
0,-0.03103,-0.00137,1
0,-0.03116,-0.0015,1
0,-0.03129,-0.00164,1
0,-0.03142,-0.00178,1
0,-0.03155,-0.00192,1
0,-0.03168,-0.00205,1
0,-0.0318,-0.00219,1
0,-0.03193,-0.00233,1
0,-0.03206,-0.00246,1
0,-0.03218,-0.0026,1
0,-0.03231,-0.00274,1
0,-0.03243,-0.00288,1
0,-0.03255,-0.00301,1
0,-0.03268,-0.00315,1
0,-0.0328,-0.00329,1
0,-0.03292,-0.00343,1
0,-0.03304,-0.00356,1
0,-0.03316,-0.0037,1
0,-0.03329,-0.00384,1
0,-0.03341,-0.00397,1
0,-0.03352,-0.00411,1
0,-0.03364,-0.00425,1
0,-0.03376,-0.00438,1
0,-0.03388,-0.00452,1
0,-0.034,-0.00466,1
0,-0.03411,-0.00479,1
0,-0.03423,-0.00493,1
0,-0.03434,-0.00507,1
0,-0.03446,-0.0052,1
0,-0.03457,-0.00534,1
0,-0.03469,-0.00547,1
0,-0.0348,-0.00561,1
0,-0.03491,-0.00575,1
0,-0.03502,-0.00588,1
0,-0.03513,-0.00602,1
0,-0.03524,-0.00615,1
0,-0.03535,-0.00629,1
0,-0.03546,-0.00642,1
0,-0.03557,-0.00656,1
0,-0.03568,-0.00669,1
0,-0.03579,-0.00682,1
0,-0.03589,-0.00696,1
0,-0.036,-0.00709,1
0,-0.03611,-0.00723,1
0,-0.03621,-0.00736,1
0,-0.03631,-0.00749,1
0,-0.03642,-0.00762,1
0,-0.03652,-0.00776,1
0,-0.03662,-0.00789,1
0,-0.03673,-0.00802,1
0,-0.03683,-0.00815,1
0,-0.03693,-0.00828,1
0,-0.03703,-0.00842,1
0,-0.03713,-0.00855,1
0,-0.03722,-0.00868,1
0,-0.03732,-0.00881,1
0,-0.03742,-0.00894,1
0,-0.03752,-0.00907,1
0,-0.03761,-0.0092,1
0,-0.03771,-0.00933,1
0,-0.0378,-0.00946,1
0,-0.0379,-0.00958,1
0,-0.03799,-0.00971,1
0,-0.03808,-0.00984,1
0,-0.03817,-0.00997,1
0,-0.03827,-0.01009,1
0,-0.03836,-0.01022,1
0,-0.03845,-0.01035,1
0,-0.03854,-0.01047,1
0,-0.03863,-0.0106,1
0,-0.03871,-0.01072,1
0,-0.0388,-0.01085,1
0,-0.03889,-0.01097,1
0,-0.03897,-0.0111,1
0,-0.03906,-0.01122,1
0,-0.03915,-0.01134,1
0,-0.03923,-0.01146,1
0,-0.03931,-0.01159,1
0,-0.0394,-0.01171,1
0,-0.03948,-0.01183,1
0,-0.03956,-0.01195,1
0,-0.03964,-0.01207,1
0,-0.03972,-0.01219,1
0,-0.0398,-0.01231,1
0,-0.03988,-0.01243,1
0,-0.03996,-0.01254,1
0,-0.04004,-0.01266,1
0,-0.04011,-0.01278,1
0,-0.04019,-0.0129,1
0,-0.04027,-0.01301,1
0,-0.04034,-0.01313,1
0,-0.04041,-0.01324,1
0,-0.04049,-0.01336,1
0,-0.04056,-0.01347,1
0,-0.04063,-0.01358,1
0,-0.04071,-0.01369,1
0,-0.04078,-0.01381,1
0,-0.04085,-0.01392,1
0,-0.04092,-0.01403,1
0,-0.04099,-0.01414,1
0,-0.04105,-0.01425,1
0,-0.04112,-0.01436,1
0,-0.04119,-0.01447,1
0,-0.04126,-0.01457,1
0,-0.04132,-0.01468,1
0,-0.04139,-0.01479,1
0,-0.04145,-0.01489,1
0,-0.04151,-0.015,1
0,-0.04158,-0.0151,1
0,-0.04164,-0.01521,1
0,-0.0417,-0.01531,1
0,-0.04176,-0.01541,1
0,-0.04182,-0.01551,1
0,-0.04188,-0.01561,1
0,-0.04194,-0.01571,1
0,-0.042,-0.01581,1
0,-0.04206,-0.01591,1
0,-0.04212,-0.01601,1
0,-0.04217,-0.01611,1
0,-0.04223,-0.0162,1
0,-0.04228,-0.0163,1
0,-0.04234,-0.01639,1
0,-0.04239,-0.01649,1
0,-0.04244,-0.01658,1
0,-0.0425,-0.01667,1
0,-0.04255,-0.01677,1
0,-0.0426,-0.01686,1
0,-0.04265,-0.01695,1
0,-0.0427,-0.01704,1
0,-0.04275,-0.01713,1
0,-0.0428,-0.01721,1
0,-0.04285,-0.0173,1
0,-0.04289,-0.01739,1
0,-0.04294,-0.01747,1
0,-0.04299,-0.01756,1
0,-0.04303,-0.01764,1
0,-0.04308,-0.01772,1
0,-0.04312,-0.01781,1
0,-0.04317,-0.01789,1
0,-0.04321,-0.01797,1
0,-0.04325,-0.01805,1
0,-0.04329,-0.01812,1
0,-0.04333,-0.0182,1
0,-0.04337,-0.01828,1
0,-0.04341,-0.01835,1
0,-0.04345,-0.01843,1
0,-0.04349,-0.0185,1
0,-0.04353,-0.01858,1
0,-0.04357,-0.01865,1
0,-0.04361,-0.01872,1
0,-0.04364,-0.01879,1
0,-0.04368,-0.01886,1
0,-0.04371,-0.01893,1
0,-0.04375,-0.019,1
0,-0.04378,-0.01906,1
0,-0.04381,-0.01913,1
0,-0.04385,-0.01919,1
0,-0.04388,-0.01926,1
0,-0.04391,-0.01932,1
0,-0.04394,-0.01938,1
0,-0.04397,-0.01944,1
0,-0.044,-0.0195,1
0,-0.04403,-0.01956,1
0,-0.04406,-0.01962,1
0,-0.04409,-0.01967,1
0,-0.04411,-0.01973,1
0,-0.04414,-0.01978,1
0,-0.04417,-0.01984,1
0,-0.04419,-0.01989,1
0,-0.04422,-0.01994,1
0,-0.04424,-0.01999,1
0,-0.04427,-0.02004,1
0,-0.04429,-0.02009,1
0,-0.04431,-0.02014,1
0,-0.04433,-0.02018,1
0,-0.04436,-0.02023,1
0,-0.04438,-0.02027,1
0,-0.0444,-0.02031,1
0,-0.04442,-0.02036,1
0,-0.04444,-0.0204,1
0,-0.04446,-0.02044,1
0,-0.04448,-0.02048,1
0,-0.04449,-0.02051,1
0,-0.04451,-0.02055,1
0,-0.04453,-0.02058,1
0,-0.04454,-0.02062,1
0,-0.04456,-0.02065,1
0,-0.04458,-0.02068,1
0,-0.04459,-0.02071,1
0,-0.0446,-0.02074,1
0,-0.04462,-0.02077,1
0,-0.04463,-0.0208,1
0,-0.04464,-0.02083,1
0,-0.04466,-0.02085,1
0,-0.04467,-0.02088,1
0,-0.04468,-0.0209,1
0,-0.04469,-0.02092,1
0,-0.0447,-0.02094,1
0,-0.04471,-0.02096,1
0,-0.04472,-0.02098,1
0,-0.04473,-0.021,1
0,-0.04474,-0.02101,1
0,-0.04475,-0.02103,1
0,-0.04475,-0.02104,1
0,-0.04476,-0.02105,1
0,-0.04477,-0.02107,1
0,-0.04478,-0.02108,1
0,-0.04478,-0.02109,1
0,-0.04479,-0.02109,1
0,-0.04479,-0.0211,1
0,-0.0448,-0.02111,1
0,-0.0448,-0.02111,1
0,-0.0448,-0.02111,1
0,-0.04481,-0.02111,1
0,-0.04481,-0.02112,1
0,-0.04481,-0.02111,1
0,-0.04481,-0.02111,1
0,-0.04482,-0.02111,1
0,-0.04482,-0.02111,1
0,-0.04482,-0.0211,1
0,-0.04482,-0.02109,1
0,-0.04482,-0.02109,1
0,-0.04482,-0.02108,1
0,-0.04482,-0.02107,1
0,-0.04482,-0.02106,1
0,-0.04482,-0.02104,1
0,-0.04481,-0.02103,1
0,-0.04481,-0.02101,1
0,-0.04481,-0.021,1
0,-0.04481,-0.02098,1
0,-0.0448,-0.02096,1
0,-0.0448,-0.02094,1
0,-0.0448,-0.02092,1
0,-0.04479,-0.0209,1
0,-0.04479,-0.02088,1
0,-0.04478,-0.02085,1
0,-0.04478,-0.02082,1
0,-0.04477,-0.0208,1
0,-0.04476,-0.02077,1
0,-0.04476,-0.02074,1
0,-0.04475,-0.02071,1
0,-0.04475,-0.02068,1
0,-0.04474,-0.02064,1
0,-0.04473,-0.02061,1
0,-0.04472,-0.02057,1
0,-0.04471,-0.02054,1
0,-0.04471,-0.0205,1
0,-0.0447,-0.02046,1
0,-0.04469,-0.02042,1
0,-0.04468,-0.02037,1
0,-0.04467,-0.02033,1
0,-0.04466,-0.02029,1
0,-0.04465,-0.02024,1
0,-0.04464,-0.02019,1
0,-0.04463,-0.02015,1
0,-0.04462,-0.0201,1
0,-0.04461,-0.02005,1
0,-0.0446,-0.01999,1
0,-0.04459,-0.01994,1
0,-0.04457,-0.01989,1
0,-0.04456,-0.01983,1
0,-0.04455,-0.01978,1
0,-0.04454,-0.01972,1
0,-0.04453,-0.01966,1
0,-0.04451,-0.0196,1
0,-0.0445,-0.01954,1
0,-0.04449,-0.01947,1
0,-0.04447,-0.01941,1
0,-0.04446,-0.01934,1
0,-0.04445,-0.01928,1
0,-0.04443,-0.01921,1
0,-0.04442,-0.01914,1
0,-0.0444,-0.01907,1
0,-0.04439,-0.019,1
0,-0.04438,-0.01893,1
0,-0.04436,-0.01886,1
0,-0.04435,-0.01878,1
0,-0.04433,-0.0187,1
0,-0.04432,-0.01863,1
0,-0.0443,-0.01855,1
0,-0.04429,-0.01847,1
0,-0.04427,-0.01839,1
0,-0.04425,-0.01831,1
0,-0.04424,-0.01823,1
0,-0.04422,-0.01814,1
0,-0.04421,-0.01806,1
0,-0.04419,-0.01797,1
0,-0.04418,-0.01788,1
0,-0.04416,-0.01779,1
0,-0.04414,-0.0177,1
0,-0.04413,-0.01761,1
0,-0.04411,-0.01752,1
0,-0.04409,-0.01743,1
0,-0.04408,-0.01733,1
0,-0.04406,-0.01724,1
0,-0.04404,-0.01714,1
0,-0.04403,-0.01704,1
0,-0.04401,-0.01694,1
0,-0.04399,-0.01684,1
0,-0.04398,-0.01674,1
0,-0.04396,-0.01664,1
0,-0.04394,-0.01654,1
0,-0.04392,-0.01643,1
0,-0.04391,-0.01633,1
0,-0.04389,-0.01622,1
0,-0.04387,-0.01612,1
0,-0.04386,-0.01601,1
0,-0.04384,-0.0159,1
0,-0.04382,-0.01579,1
0,-0.0438,-0.01567,1
0,-0.04379,-0.01556,1
0,-0.04377,-0.01545,1
0,-0.04375,-0.01533,1
0,-0.04374,-0.01522,1
0,-0.04372,-0.0151,1
0,-0.0437,-0.01498,1
0,-0.04368,-0.01486,1
0,-0.04367,-0.01474,1
0,-0.04365,-0.01462,1
0,-0.04363,-0.0145,1
0,-0.04362,-0.01438,1
0,-0.0436,-0.01425,1
0,-0.04358,-0.01413,1
0,-0.04357,-0.014,1
0,-0.04355,-0.01388,1
0,-0.04353,-0.01375,1
0,-0.04352,-0.01362,1
0,-0.0435,-0.01349,1
0,-0.04348,-0.01336,1
0,-0.04347,-0.01323,1
0,-0.04345,-0.0131,1
0,-0.04343,-0.01296,1
0,-0.04342,-0.01283,1
0,-0.0434,-0.0127,1
0,-0.04338,-0.01256,1
0,-0.04337,-0.01242,1
0,-0.04335,-0.01229,1
0,-0.04334,-0.01215,1
0,-0.04332,-0.01201,1
0,-0.04331,-0.01187,1
0,-0.04329,-0.01173,1
0,-0.04328,-0.01158,1
0,-0.04326,-0.01144,1
0,-0.04325,-0.0113,1
0,-0.04323,-0.01115,1
0,-0.04322,-0.01101,1
0,-0.0432,-0.01086,1
0,-0.04319,-0.01072,1
0,-0.04317,-0.01057,1
0,-0.04316,-0.01042,1
0,-0.04315,-0.01027,1
0,-0.04313,-0.01012,1
0,-0.04312,-0.00997,1
0,-0.0431,-0.00982,1
0,-0.04309,-0.00967,1
0,-0.04308,-0.00952,1
0,-0.04307,-0.00936,1
0,-0.04305,-0.00921,1
0,-0.04304,-0.00906,1
0,-0.04303,-0.0089,1
0,-0.04301,-0.00874,1
0,-0.043,-0.00859,1
0,-0.04299,-0.00843,1
0,-0.04298,-0.00827,1
0,-0.04297,-0.00811,1
0,-0.04296,-0.00795,1
0,-0.04295,-0.0078,1
0,-0.04293,-0.00763,1
0,-0.04292,-0.00747,1
0,-0.04291,-0.00731,1
0,-0.0429,-0.00715,1
0,-0.04289,-0.00699,1
0,-0.04288,-0.00683,1
0,-0.04287,-0.00666,1
0,-0.04286,-0.0065,1
0,-0.04286,-0.00633,1
0,-0.04285,-0.00617,1
0,-0.04284,-0.006,1
0,-0.04283,-0.00584,1
0,-0.04282,-0.00567,1
0,-0.04281,-0.0055,1
0,-0.0428,-0.00534,1
0,-0.0428,-0.00517,1
0,-0.04279,-0.005,1
0,-0.04278,-0.00483,1
0,-0.04278,-0.00466,1
0,-0.04277,-0.00449,1
0,-0.04276,-0.00432,1
0,-0.04276,-0.00415,1
0,-0.04275,-0.00398,1
0,-0.04275,-0.00381,1
0,-0.04274,-0.00364,1
0,-0.04273,-0.00347,1
0,-0.04273,-0.0033,1
0,-0.04273,-0.00312,1
0,-0.04272,-0.00295,1
0,-0.04272,-0.00278,1
0,-0.04271,-0.00261,1
0,-0.04271,-0.00243,1
0,-0.04271,-0.00226,1
0,-0.0427,-0.00208,1
0,-0.0427,-0.00191,1
0,-0.0427,-0.00174,1
0,-0.0427,-0.00156,1
0,-0.04269,-0.00139,1
0,-0.04269,-0.00121,1
0,-0.04269,-0.00104,1
0,-0.04269,-0.00086,1
0,-0.04269,-0.00069,1
0,-0.04269,-0.00051,1
0,-0.04269,-0.00034,1
0,-0.04269,-0.00016,1
0,-0.04269,1E-05,1
0,-0.04269,0.00019,1
0,-0.04269,0.00036,1
0,-0.04269,0.00054,1
0,-0.04269,0.00072,1
0,-0.04269,0.00089,1
0,-0.04269,0.00107,1
0,-0.0427,0.00124,1
0,-0.0427,0.00142,1
0,-0.0427,0.0016,1
0,-0.0427,0.00177,1
0,-0.04271,0.00195,1
0,-0.04271,0.00212,1
0,-0.04271,0.0023,1
0,-0.04272,0.00247,1
0,-0.04272,0.00265,1
0,-0.04273,0.00282,1
0,-0.04273,0.003,1
0,-0.04274,0.00317,1
0,-0.04274,0.00335,1
0,-0.04275,0.00352,1
0,-0.04275,0.0037,1
0,-0.04276,0.00387,1
0,-0.04276,0.00405,1
0,-0.04277,0.00422,1
0,-0.04278,0.00439,1
0,-0.04279,0.00457,1
0,-0.04279,0.00474,1
0,-0.0428,0.00491,1
0,-0.04281,0.00508,1
0,-0.04282,0.00526,1
0,-0.04282,0.00543,1
0,-0.04283,0.0056,1
0,-0.04284,0.00577,1
0,-0.04285,0.00594,1
0,-0.04286,0.00611,1
0,-0.04287,0.00628,1
0,-0.04288,0.00645,1
0,-0.04289,0.00662,1
0,-0.0429,0.00679,1
0,-0.04291,0.00696,1
0,-0.04292,0.00713,1
0,-0.04293,0.0073,1
0,-0.04294,0.00746,1
0,-0.04295,0.00763,1
0,-0.04297,0.0078,1
0,-0.04298,0.00796,1
0,-0.04299,0.00813,1
0,-0.043,0.00829,1
0,-0.04301,0.00846,1
0,-0.04303,0.00862,1
0,-0.04304,0.00878,1
0,-0.04305,0.00895,1
0,-0.04307,0.00911,1
0,-0.04308,0.00927,1
0,-0.04309,0.00943,1
0,-0.04311,0.00959,1
0,-0.04312,0.00975,1
0,-0.04314,0.00991,1
0,-0.04315,0.01007,1
0,-0.04317,0.01022,1
0,-0.04318,0.01038,1
0,-0.0432,0.01054,1
0,-0.04321,0.01069,1
0,-0.04323,0.01085,1
0,-0.04324,0.011,1
0,-0.04326,0.01115,1
0,-0.04327,0.0113,1
0,-0.04329,0.01146,1
0,-0.0433,0.01161,1
0,-0.04332,0.01176,1
0,-0.04334,0.01191,1
0,-0.04335,0.01205,1
0,-0.04337,0.0122,1
0,-0.04339,0.01235,1
0,-0.0434,0.01249,1
0,-0.04342,0.01264,1
0,-0.04344,0.01278,1
0,-0.04345,0.01293,1
0,-0.04347,0.01307,1
0,-0.04349,0.01321,1
0,-0.04351,0.01335,1
0,-0.04352,0.01349,1
0,-0.04354,0.01363,1
0,-0.04356,0.01377,1
0,-0.04358,0.0139,1
0,-0.0436,0.01404,1
0,-0.04361,0.01417,1
0,-0.04363,0.01431,1
0,-0.04365,0.01444,1
0,-0.04367,0.01457,1
0,-0.04369,0.0147,1
0,-0.0437,0.01483,1
0,-0.04372,0.01496,1
0,-0.04374,0.01509,1
0,-0.04376,0.01521,1
0,-0.04378,0.01534,1
0,-0.04379,0.01546,1
0,-0.04381,0.01559,1
0,-0.04383,0.01571,1
0,-0.04385,0.01583,1
0,-0.04387,0.01595,1
0,-0.04389,0.01607,1
0,-0.0439,0.01618,1
0,-0.04392,0.0163,1
0,-0.04394,0.01641,1
0,-0.04396,0.01653,1
0,-0.04398,0.01664,1
0,-0.04399,0.01675,1
0,-0.04401,0.01686,1
0,-0.04403,0.01697,1
0,-0.04405,0.01708,1
0,-0.04407,0.01718,1
0,-0.04408,0.01729,1
0,-0.0441,0.01739,1
0,-0.04412,0.01749,1
0,-0.04414,0.01759,1
0,-0.04415,0.01769,1
0,-0.04417,0.01779,1
0,-0.04419,0.01789,1
0,-0.0442,0.01798,1
0,-0.04422,0.01808,1
0,-0.04424,0.01817,1
0,-0.04425,0.01826,1
0,-0.04427,0.01835,1
0,-0.04429,0.01844,1
0,-0.0443,0.01853,1
0,-0.04432,0.01862,1
0,-0.04433,0.0187,1
0,-0.04435,0.01878,1
0,-0.04436,0.01887,1
0,-0.04438,0.01895,1
0,-0.04439,0.01903,1
0,-0.04441,0.0191,1
0,-0.04442,0.01918,1
0,-0.04444,0.01925,1
0,-0.04445,0.01933,1
0,-0.04446,0.0194,1
0,-0.04448,0.01947,1
0,-0.04449,0.01954,1
0,-0.0445,0.01961,1
0,-0.04451,0.01967,1
0,-0.04453,0.01974,1
0,-0.04454,0.0198,1
0,-0.04455,0.01986,1
0,-0.04456,0.01992,1
0,-0.04457,0.01998,1
0,-0.04458,0.02003,1
0,-0.04459,0.02009,1
0,-0.0446,0.02014,1
0,-0.04461,0.0202,1
0,-0.04462,0.02025,1
0,-0.04463,0.02029,1
0,-0.04464,0.02034,1
0,-0.04465,0.02039,1
0,-0.04466,0.02043,1
0,-0.04466,0.02047,1
0,-0.04467,0.02052,1
0,-0.04468,0.02056,1
0,-0.04468,0.02059,1
0,-0.04469,0.02063,1
0,-0.04469,0.02066,1
0,-0.0447,0.0207,1
0,-0.0447,0.02073,1
0,-0.04471,0.02076,1
0,-0.04471,0.02079,1
0,-0.04471,0.02081,1
0,-0.04472,0.02084,1
0,-0.04472,0.02086,1
0,-0.04472,0.02088,1
0,-0.04472,0.0209,1
0,-0.04472,0.02092,1
0,-0.04472,0.02094,1
0,-0.04472,0.02095,1
0,-0.04472,0.02096,1
0,-0.04472,0.02098,1
0,-0.04472,0.02099,1
0,-0.04471,0.02099,1
0,-0.04471,0.021,1
0,-0.04471,0.02101,1
0,-0.0447,0.02101,1
0,-0.0447,0.02101,1
0,-0.04469,0.02101,1
0,-0.04469,0.02101,1
0,-0.04468,0.02101,1
0,-0.04467,0.021,1
0,-0.04466,0.02099,1
0,-0.04466,0.02099,1
0,-0.04465,0.02098,1
0,-0.04464,0.02096,1
0,-0.04463,0.02095,1
0,-0.04462,0.02093,1
0,-0.0446,0.02092,1
0,-0.04459,0.0209,1
0,-0.04458,0.02088,1
0,-0.04456,0.02086,1
0,-0.04455,0.02083,1
0,-0.04453,0.02081,1
0,-0.04452,0.02078,1
0,-0.0445,0.02075,1
0,-0.04448,0.02072,1
0,-0.04446,0.02069,1
0,-0.04445,0.02066,1
0,-0.04443,0.02062,1
0,-0.0444,0.02058,1
0,-0.04438,0.02055,1
0,-0.04436,0.02051,1
0,-0.04434,0.02046,1
0,-0.04431,0.02042,1
0,-0.04429,0.02037,1
0,-0.04426,0.02033,1
0,-0.04424,0.02028,1
0,-0.04421,0.02023,1
0,-0.04418,0.02018,1
0,-0.04415,0.02012,1
0,-0.04412,0.02007,1
0,-0.04409,0.02001,1
0,-0.04406,0.01995,1
0,-0.04403,0.01989,1
0,-0.044,0.01983,1
0,-0.04396,0.01976,1
0,-0.04393,0.0197,1
0,-0.04389,0.01963,1
0,-0.04386,0.01956,1
0,-0.04382,0.01949,1
0,-0.04378,0.01942,1
0,-0.04374,0.01935,1
0,-0.0437,0.01927,1
0,-0.04366,0.0192,1
0,-0.04362,0.01912,1
0,-0.04357,0.01904,1
0,-0.04353,0.01896,1
0,-0.04348,0.01888,1
0,-0.04344,0.01879,1
0,-0.04339,0.01871,1
0,-0.04334,0.01862,1
0,-0.04329,0.01853,1
0,-0.04324,0.01844,1
0,-0.04319,0.01835,1
0,-0.04314,0.01825,1
0,-0.04308,0.01816,1
0,-0.04303,0.01806,1
0,-0.04297,0.01796,1
0,-0.04292,0.01786,1
0,-0.04286,0.01776,1
0,-0.0428,0.01766,1
0,-0.04274,0.01755,1
0,-0.04268,0.01745,1
0,-0.04262,0.01734,1
0,-0.04256,0.01723,1
0,-0.04249,0.01712,1
0,-0.04243,0.01701,1
0,-0.04236,0.0169,1
0,-0.04229,0.01678,1
0,-0.04223,0.01666,1
0,-0.04216,0.01655,1
0,-0.04209,0.01643,1
0,-0.04201,0.01631,1
0,-0.04194,0.01619,1
0,-0.04187,0.01606,1
0,-0.04179,0.01594,1
0,-0.04171,0.01581,1
0,-0.04164,0.01569,1
0,-0.04156,0.01556,1
0,-0.04148,0.01543,1
0,-0.0414,0.0153,1
0,-0.04132,0.01516,1
0,-0.04123,0.01503,1
0,-0.04115,0.01489,1
0,-0.04106,0.01476,1
0,-0.04097,0.01462,1
0,-0.04089,0.01448,1
0,-0.0408,0.01434,1
0,-0.04071,0.0142,1
0,-0.04061,0.01406,1
0,-0.04052,0.01391,1
0,-0.04043,0.01377,1
0,-0.04033,0.01362,1
0,-0.04023,0.01348,1
0,-0.04014,0.01333,1
0,-0.04004,0.01318,1
0,-0.03994,0.01303,1
0,-0.03983,0.01287,1
0,-0.03973,0.01272,1
0,-0.03963,0.01257,1
0,-0.03952,0.01241,1
0,-0.03941,0.01225,1
0,-0.0393,0.0121,1
0,-0.0392,0.01194,1
0,-0.03908,0.01178,1
0,-0.03897,0.01162,1
0,-0.03886,0.01146,1
0,-0.03874,0.01129,1
0,-0.03863,0.01113,1
0,-0.03851,0.01096,1
0,-0.03839,0.0108,1
0,-0.03827,0.01063,1
0,-0.03815,0.01046,1
0,-0.03803,0.0103,1
0,-0.0379,0.01013,1
0,-0.03778,0.00996,1
0,-0.03765,0.00978,1
0,-0.03753,0.00961,1
0,-0.0374,0.00944,1
0,-0.03727,0.00926,1
0,-0.03713,0.00909,1
0,-0.037,0.00891,1
0,-0.03687,0.00874,1
0,-0.03673,0.00856,1
0,-0.03659,0.00838,1
0,-0.03646,0.0082,1
0,-0.03632,0.00802,1
0,-0.03617,0.00784,1
0,-0.03603,0.00766,1
0,-0.03589,0.00748,1
0,-0.03574,0.0073,1
0,-0.0356,0.00712,1
0,-0.03545,0.00693,1
0,-0.0353,0.00675,1
0,-0.03515,0.00656,1
0,-0.035,0.00638,1
0,-0.03485,0.00619,1
0,-0.03469,0.00601,1
0,-0.03453,0.00582,1
0,-0.03438,0.00563,1
0,-0.03422,0.00544,1
0,-0.03406,0.00525,1
0,-0.0339,0.00506,1
0,-0.03374,0.00487,1
0,-0.03357,0.00468,1
0,-0.03341,0.00449,1
0,-0.03324,0.0043,1
0,-0.03307,0.00411,1
0,-0.0329,0.00392,1
0,-0.03273,0.00373,1
0,-0.03256,0.00353,1
0,-0.03239,0.00334,1
0,-0.03221,0.00315,1
0,-0.03204,0.00295,1
0,-0.03186,0.00276,1
0,-0.03168,0.00256,1
0,-0.0315,0.00237,1
0,-0.03132,0.00217,1
0,-0.03114,0.00198,1
0,-0.03095,0.00178,1
0,-0.03077,0.00159,1
0,-0.03058,0.00139,1
0,-0.03039,0.0012,1
0,-0.0302,0.001,1
0,-0.03001,0.0008,1
0,-0.02982,0.00061,1
0,-0.02963,0.00041,1
0,-0.02944,0.00021,1
0,-0.02924,2E-05,1
0,-0.02904,-0.00018,1
0,-0.02884,-0.00038,1
0,-0.02865,-0.00057,1
0,-0.02844,-0.00077,1
0,-0.02824,-0.00097,1
0,-0.02804,-0.00116,1
0,-0.02783,-0.00136,1
0,-0.02763,-0.00156,1
0,-0.02742,-0.00175,1
0,-0.02721,-0.00195,1
0,-0.027,-0.00214,1
0,-0.02679,-0.00234,1
0,-0.02658,-0.00254,1
0,-0.02637,-0.00273,1
0,-0.02615,-0.00293,1
0,-0.02594,-0.00312,1
0,-0.02572,-0.00332,1
0,-0.0255,-0.00351,1
0,-0.02528,-0.00371,1
0,-0.02506,-0.0039,1
0,-0.02484,-0.00409,1
0,-0.02462,-0.00429,1
0,-0.02439,-0.00448,1
0,-0.02417,-0.00467,1
0,-0.02394,-0.00487,1
0,-0.02371,-0.00506,1
0,-0.02348,-0.00525,1
0,-0.02325,-0.00544,1
0,-0.02302,-0.00563,1
0,-0.02279,-0.00582,1
0,-0.02256,-0.00601,1
0,-0.02232,-0.0062,1
0,-0.02209,-0.00639,1
0,-0.02185,-0.00658,1
0,-0.02161,-0.00677,1
0,-0.02137,-0.00696,1
0,-0.02113,-0.00714,1
0,-0.02089,-0.00733,1
0,-0.02065,-0.00751,1
0,-0.02041,-0.0077,1
0,-0.02016,-0.00788,1
0,-0.01992,-0.00807,1
0,-0.01967,-0.00825,1
0,-0.01942,-0.00843,1
0,-0.01918,-0.00861,1
0,-0.01893,-0.00879,1
0,-0.01868,-0.00897,1
0,-0.01842,-0.00915,1
0,-0.01817,-0.00933,1
0,-0.01792,-0.00951,1
0,-0.01766,-0.00969,1
0,-0.01741,-0.00986,1
0,-0.01715,-0.01004,1
0,-0.0169,-0.01021,1
0,-0.01664,-0.01039,1
0,-0.01638,-0.01056,1
0,-0.01612,-0.01073,1
0,-0.01586,-0.0109,1
0,-0.0156,-0.01107,1
0,-0.01533,-0.01124,1
0,-0.01507,-0.01141,1
0,-0.01481,-0.01157,1
0,-0.01454,-0.01174,1
0,-0.01427,-0.01191,1
0,-0.01401,-0.01207,1
0,-0.01374,-0.01223,1
0,-0.01347,-0.01239,1
0,-0.0132,-0.01255,1
0,-0.01293,-0.01271,1
0,-0.01266,-0.01287,1
0,-0.01239,-0.01303,1
0,-0.01212,-0.01319,1
0,-0.01185,-0.01334,1
0,-0.01157,-0.01349,1
0,-0.0113,-0.01365,1
0,-0.01102,-0.0138,1
0,-0.01075,-0.01395,1
0,-0.01047,-0.0141,1
0,-0.01019,-0.01424,1
0,-0.00992,-0.01439,1
0,-0.00964,-0.01454,1
0,-0.00936,-0.01468,1
0,-0.00908,-0.01482,1
0,-0.0088,-0.01496,1
0,-0.00852,-0.0151,1
0,-0.00824,-0.01524,1
0,-0.00795,-0.01538,1
0,-0.00767,-0.01552,1
0,-0.00739,-0.01565,1
0,-0.00711,-0.01578,1
0,-0.00682,-0.01591,1
0,-0.00654,-0.01604,1
0,-0.00625,-0.01617,1
0,-0.00597,-0.0163,1
0,-0.00568,-0.01643,1
0,-0.0054,-0.01655,1
0,-0.00511,-0.01667,1
0,-0.00482,-0.0168,1
0,-0.00453,-0.01691,1
0,-0.00425,-0.01703,1
0,-0.00396,-0.01715,1
0,-0.00367,-0.01727,1
0,-0.00338,-0.01738,1
0,-0.00309,-0.01749,1
0,-0.0028,-0.0176,1
0,-0.00251,-0.01771,1
0,-0.00222,-0.01782,1
0,-0.00193,-0.01792,1
0,-0.00164,-0.01803,1
0,-0.00135,-0.01813,1
0,-0.00106,-0.01823,1
0,-0.00077,-0.01833,1
0,-0.00048,-0.01843,1
0,-0.00019,-0.01852,1
0,0.00011,-0.01862,1
0,0.0004,-0.01871,1
0,0.00069,-0.0188,1
0,0.00098,-0.01889,1
0,0.00127,-0.01898,1
0,0.00157,-0.01906,1
0,0.00186,-0.01915,1
0,0.00215,-0.01923,1
0,0.00244,-0.01931,1
0,0.00274,-0.01939,1
0,0.00303,-0.01947,1
0,0.00332,-0.01954,1
0,0.00361,-0.01961,1
0,0.00391,-0.01969,1
0,0.0042,-0.01976,1
0,0.00449,-0.01982,1
0,0.00478,-0.01989,1
0,0.00507,-0.01995,1
0,0.00537,-0.02002,1
0,0.00566,-0.02008,1
0,0.00595,-0.02013,1
0,0.00624,-0.02019,1
0,0.00653,-0.02025,1
0,0.00682,-0.0203,1
0,0.00711,-0.02035,1
0,0.00741,-0.0204,1
0,0.0077,-0.02045,1
0,0.00799,-0.02049,1
0,0.00828,-0.02054,1
0,0.00857,-0.02058,1
0,0.00885,-0.02062,1
0,0.00914,-0.02066,1
0,0.00943,-0.02069,1
0,0.00972,-0.02073,1
0,0.01001,-0.02076,1
0,0.01029,-0.02079,1
0,0.01058,-0.02082,1
0,0.01087,-0.02084,1
0,0.01115,-0.02087,1
0,0.01144,-0.02089,1
0,0.01172,-0.02091,1
0,0.01201,-0.02093,1
0,0.01229,-0.02095,1
0,0.01258,-0.02096,1
0,0.01286,-0.02098,1
0,0.01314,-0.02099,1
0,0.01342,-0.021,1
0,0.01371,-0.021,1
0,0.01399,-0.02101,1
0,0.01427,-0.02101,1
0,0.01455,-0.02101,1
0,0.01482,-0.02101,1
0,0.0151,-0.02101,1
0,0.01538,-0.021,1
0,0.01566,-0.021,1
0,0.01593,-0.02099,1
0,0.01621,-0.02098,1
0,0.01648,-0.02096,1
0,0.01676,-0.02095,1
0,0.01703,-0.02093,1
0,0.0173,-0.02092,1
0,0.01757,-0.02089,1
0,0.01784,-0.02087,1
0,0.01811,-0.02085,1
0,0.01838,-0.02082,1
0,0.01865,-0.02079,1
0,0.01891,-0.02076,1
0,0.01918,-0.02073,1
0,0.01945,-0.0207,1
0,0.01971,-0.02066,1
0,0.01997,-0.02062,1
0,0.02023,-0.02058,1
0,0.02049,-0.02054,1
0,0.02075,-0.0205,1
0,0.02101,-0.02045,1
0,0.02127,-0.0204,1
0,0.02153,-0.02035,1
0,0.02178,-0.0203,1
0,0.02204,-0.02025,1
0,0.02229,-0.02019,1
0,0.02254,-0.02014,1
0,0.0228,-0.02008,1
0,0.02305,-0.02001,1
0,0.02329,-0.01995,1
0,0.02354,-0.01989,1
0,0.02379,-0.01982,1
0,0.02403,-0.01975,1
0,0.02428,-0.01968,1
0,0.02452,-0.01961,1
0,0.02476,-0.01953,1
0,0.025,-0.01946,1
0,0.02524,-0.01938,1
0,0.02548,-0.0193,1
0,0.02572,-0.01922,1
0,0.02595,-0.01913,1
0,0.02618,-0.01905,1
0,0.02642,-0.01896,1
0,0.02665,-0.01887,1
0,0.02688,-0.01878,1
0,0.0271,-0.01869,1
0,0.02733,-0.0186,1
0,0.02756,-0.0185,1
0,0.02778,-0.0184,1
0,0.028,-0.0183,1
0,0.02822,-0.0182,1
0,0.02844,-0.0181,1
0,0.02866,-0.01799,1
0,0.02888,-0.01789,1
0,0.02909,-0.01778,1
0,0.0293,-0.01767,1
0,0.02951,-0.01756,1
0,0.02972,-0.01744,1
0,0.02993,-0.01733,1
0,0.03014,-0.01721,1
0,0.03034,-0.01709,1
0,0.03055,-0.01697,1
0,0.03075,-0.01685,1
0,0.03095,-0.01673,1
0,0.03115,-0.01661,1
0,0.03134,-0.01648,1
0,0.03154,-0.01635,1
0,0.03173,-0.01622,1
0,0.03192,-0.01609,1
0,0.03211,-0.01596,1
0,0.0323,-0.01582,1
0,0.03249,-0.01569,1
0,0.03267,-0.01555,1
0,0.03285,-0.01541,1
0,0.03303,-0.01527,1
0,0.03321,-0.01513,1
0,0.03339,-0.01499,1
0,0.03357,-0.01484,1
0,0.03374,-0.0147,1
0,0.03391,-0.01455,1
0,0.03408,-0.0144,1
0,0.03425,-0.01425,1
0,0.03441,-0.0141,1
0,0.03458,-0.01395,1
0,0.03474,-0.01379,1
0,0.0349,-0.01364,1
0,0.03506,-0.01348,1
0,0.03522,-0.01332,1
0,0.03537,-0.01316,1
0,0.03552,-0.013,1
0,0.03567,-0.01284,1
0,0.03582,-0.01268,1
0,0.03597,-0.01251,1
0,0.03611,-0.01235,1
0,0.03625,-0.01218,1
0,0.03639,-0.01201,1
0,0.03653,-0.01184,1
0,0.03667,-0.01167,1
0,0.0368,-0.0115,1
0,0.03693,-0.01133,1
0,0.03706,-0.01116,1
0,0.03719,-0.01098,1
0,0.03732,-0.01081,1
0,0.03744,-0.01063,1
0,0.03756,-0.01045,1
0,0.03768,-0.01027,1
0,0.0378,-0.01009,1
0,0.03791,-0.00991,1
0,0.03803,-0.00973,1
0,0.03814,-0.00955,1
0,0.03825,-0.00936,1
0,0.03835,-0.00918,1
0,0.03846,-0.00899,1
0,0.03856,-0.00881,1
0,0.03866,-0.00862,1
0,0.03876,-0.00843,1
0,0.03885,-0.00824,1
0,0.03895,-0.00805,1
0,0.03904,-0.00786,1
0,0.03913,-0.00767,1
0,0.03921,-0.00748,1
0,0.0393,-0.00729,1
0,0.03938,-0.00709,1
0,0.03946,-0.0069,1
0,0.03954,-0.0067,1
0,0.03961,-0.00651,1
0,0.03969,-0.00631,1
0,0.03976,-0.00611,1
0,0.03982,-0.00592,1
0,0.03989,-0.00572,1
0,0.03995,-0.00552,1
0,0.04002,-0.00532,1
0,0.04008,-0.00512,1
0,0.04013,-0.00492,1
0,0.04019,-0.00472,1
0,0.04024,-0.00452,1
0,0.04029,-0.00432,1
0,0.04034,-0.00412,1
0,0.04038,-0.00391,1
0,0.04043,-0.00371,1
0,0.04047,-0.00351,1
0,0.04051,-0.00331,1
0,0.04054,-0.0031,1
0,0.04057,-0.0029,1
0,0.04061,-0.00269,1
0,0.04064,-0.00249,1
0,0.04066,-0.00228,1
0,0.04069,-0.00208,1
0,0.04071,-0.00187,1
0,0.04073,-0.00167,1
0,0.04074,-0.00146,1
0,0.04076,-0.00126,1
0,0.04077,-0.00105,1
0,0.04078,-0.00084,1
0,0.04079,-0.00064,1
0,0.0408,-0.00043,1
0,0.0408,-0.00022,1
